  use ets;
  select count(*) from department; -- 0 records
  select count(*) from role; -- 0 records
  select count(*) from employee; -- 0 records

  -- POPULATE DEPARTMENT TABLE
  INSERT INTO DEPARTMENT(ID,NAME)
  VALUES(1,'ENGINEERING');

  INSERT INTO DEPARTMENT(ID,NAME)
  VALUES(2,'SALES');

  INSERT INTO DEPARTMENT(ID,NAME)
  VALUES(3,'FINANCE');
  
  INSERT INTO DEPARTMENT(ID,NAME)
  VALUES(4,'LEGAL');



SELECT * FROM DEPARTMENT; -- 4 RECORDS

  -- POPULATE ROLE TABLE

 INSERT INTO ROLE(ID,TITLE,DEPARTMENT_ID,DIRECT_REPORTEE,SALARY)
 VALUES(1,'Sales Lead',2,TRUE,100000);

 INSERT INTO ROLE(ID,TITLE,DEPARTMENT_ID,DIRECT_REPORTEE,SALARY)
 VALUES(2,'Sales Person',2,FALSE,80000);

  INSERT INTO ROLE(ID,TITLE,DEPARTMENT_ID,DIRECT_REPORTEE,SALARY)
 VALUES(3,'Lead Engineer',1,TRUE,150000);

  INSERT INTO ROLE(ID,TITLE,DEPARTMENT_ID,DIRECT_REPORTEE,SALARY)
 VALUES(4,'Software Engineer',1,FALSE,120000);

  INSERT INTO ROLE(ID,TITLE,DEPARTMENT_ID,DIRECT_REPORTEE,SALARY)
 VALUES(5,'Account Manager',3,TRUE,160000);

  INSERT INTO ROLE(ID,TITLE,DEPARTMENT_ID,DIRECT_REPORTEE,SALARY)
 VALUES(6,'Accountant',3,TRUE,125000);
 
  INSERT INTO ROLE(ID,TITLE,DEPARTMENT_ID,DIRECT_REPORTEE,SALARY)
 VALUES(7,'Legal Team Lead',4,TRUE,250000);
 
  INSERT INTO ROLE(ID,TITLE,DEPARTMENT_ID,DIRECT_REPORTEE,SALARY)
 VALUES(8,'Lawyer',4,FALSE,190000);
 
 SELECT * FROM ROLE;

-- POPULATE EMPLOYEE TABLE

INSERT INTO EMPLOYEE(ID,FIRST_NAME,LAST_NAME,ROLE_ID,DEPARTMENT_ID,MANAGER_ID)
VALUES(1,'John','Doe',1,2,null);

INSERT INTO EMPLOYEE(ID,FIRST_NAME,LAST_NAME,ROLE_ID,DEPARTMENT_ID,MANAGER_ID)
VALUES(2,'Mike','Chan',2,2,1);

INSERT INTO EMPLOYEE(ID,FIRST_NAME,LAST_NAME,ROLE_ID,DEPARTMENT_ID,MANAGER_ID)
VALUES(3,'Ashley','Rodriguez',3,1,null);

INSERT INTO EMPLOYEE(ID,FIRST_NAME,LAST_NAME,ROLE_ID,DEPARTMENT_ID,MANAGER_ID)
VALUES(4,'Kevin','Tupik',4,1,3);

INSERT INTO EMPLOYEE(ID,FIRST_NAME,LAST_NAME,ROLE_ID,DEPARTMENT_ID,MANAGER_ID)
VALUES(5,'Kunal','Singh',5,3,null);

INSERT INTO EMPLOYEE(ID,FIRST_NAME,LAST_NAME,ROLE_ID,DEPARTMENT_ID,MANAGER_ID)
VALUES(6,'Malia','Brown',6,3,5);

INSERT INTO EMPLOYEE(ID,FIRST_NAME,LAST_NAME,ROLE_ID,DEPARTMENT_ID,MANAGER_ID)
VALUES(7,'Sarah','Lourd',7,4,null);

INSERT INTO EMPLOYEE(ID,FIRST_NAME,LAST_NAME,ROLE_ID,DEPARTMENT_ID,MANAGER_ID)
VALUES(8,'Tom','Allen',8,4,7);

SELECT * FROM EMPLOYEE;